Epoch,Learning Rate,Training Loss,Validation Accuracy
1,0.0001,15.936932881673178,55.06517791748047
2,0.0001,9.170898521939913,74.41744995117188
