Epoch,Learning Rate,Training Loss,Validation Accuracy
1,0.0001,7.033038902613852,77.63798522949219
2,0.0001,6.213020342919561,80.06543731689453
